{
  "device": "cpu",
  "torch_num_threads": 4,
  "input": "NYU val 128x128, batch=1",
  "samples_requested": 5,
  "completionformer_hw128": {
    "samples": 5,
    "mean_ms": 35.45272834599018,
    "median_ms": 35.369700752198696,
    "min_ms": 35.00049188733101,
    "max_ms": 36.34268511086702,
    "p95_ms": 36.14967744797468,
    "raw_ms": [
      35.377646796405315,
      36.34268511086702,
      35.00049188733101,
      35.17311718314886,
      35.369700752198696
    ],
    "status": "ok",
    "wall_setup_plus_measure_ms": 266.73959800973535
  },
  "cspn_resnettiny_hw128": {
    "samples": 5,
    "mean_ms": 15.102214086800814,
    "median_ms": 15.06127417087555,
    "min_ms": 15.017000958323479,
    "max_ms": 15.314019285142422,
    "p95_ms": 15.26737604290247,
    "raw_ms": [
      15.06127417087555,
      15.314019285142422,
      15.080803073942661,
      15.017000958323479,
      15.037972945719957
    ],
    "status": "ok",
    "wall_setup_plus_measure_ms": 139.51423671096563
  },
  "nlspn_hw128": {
    "status": "ok_strict_ckpt",
    "ckpt": "/root/demo/artifacts/nlspn_hw_aligned_ckpts/nyu_nlspn_hw_aligned_128_20260713/model_best_infer_state.pt",
    "ckpt_metrics": {
      "val_l1": 0.10124755278229713,
      "val_pred_init_l1": 0.10945911658927798,
      "val_rmse": 0.26286692218855023,
      "epoch": 50,
      "train_loss": 0.1066361660913132,
      "lr": 0.00015,
      "elapsed_sec": 45.80579972267151,
      "best_l1": 0.10124755278229713
    },
    "samples": 5,
    "mean_ms": 75.11609243229032,
    "median_ms": 75.01993700861931,
    "min_ms": 73.91463685780764,
    "max_ms": 76.78345404565334,
    "raw_ms": [
      75.01993700861931,
      76.78345404565334,
      74.72687866538763,
      75.13555558398366,
      73.91463685780764
    ]
  }
}
