{
  "id": "dyspn:3",
  "index": 3,
  "model": "dyspn",
  "title": "DySPN sample 3",
  "base": "data/dyspn_sample3",
  "images": {
    "rgb": "rgb.png",
    "sparse_depth": "sparse_depth.png",
    "gt": "gt.png",
    "ref_pred": "ref_pred.png",
    "board_pred": "board_pred.png",
    "abs_error": "abs_error.png"
  },
  "point_cloud": "point_cloud.json",
  "metrics": {
    "output_contract": "board_pred is the final displayed/runtime output; ref_pred is comparison-only",
    "error_image_mode": "board_vs_ref",
    "abs_mean": 0.007614341098815203,
    "abs_p95": 0.029475957155227658,
    "abs_max": 0.2742142677307129,
    "rmse": 0.01742819882929325,
    "board_ref_abs_mean": 0.007614341098815203,
    "board_ref_abs_p95": 0.029475957155227658,
    "board_ref_abs_max": 0.2742142677307129,
    "board_ref_rmse": 0.01742819882929325,
    "ref_min": 0.687588095664978,
    "ref_max": 2.046433448791504,
    "board_min": 0.6912776231765747,
    "board_max": 2.046433448791504,
    "board_gt_l1": 0.022427864372730255,
    "board_gt_abs_p95": 0.08752079606056208,
    "board_gt_abs_max": 0.6132485270500183,
    "board_gt_rmse": 0.04463763162493706,
    "board_init_min": 0.6912776231765747,
    "board_init_max": 2.046433448791504,
    "vs_gt_l1": 0.022427864372730255,
    "vs_gt_rmse": 0.04463763162493706,
    "preprocess": "dyspn_rgb_0_1_auto_denorm",
    "runtime_mitigation": "tailmerge7 exact packer partition + clear_wr_done",
    "latency_total_ms": 3961.649,
    "latency_slowest_op": "wall",
    "latency_slowest_ms": 4128.433,
    "latencies_ms": {
      "load::bundle::packer_bundle_fd2_aggr8_00_conv4_b0": 510.979,
      "run::dyspn_test.dyspn_hw_part_conv4_b0_conv1": 11.448,
      "run::dyspn_test.dyspn_hw_part_conv4_b0_conv2": 12.894,
      "run::dyspn_test.dyspn_hw_part_conv4_b0_downsample": 14.58,
      "load::bundle::packer_bundle_fd2_aggr8_01_conv4_b1": 509.672,
      "run::dyspn_test.dyspn_hw_part_conv4_b1_conv1": 6.449,
      "run::dyspn_test.dyspn_hw_part_conv4_b1_conv2": 13.579,
      "load::bundle::packer_bundle_fd2_aggr8_02_conv5_b0_c1": 510.429,
      "run::dyspn_test.dyspn_hw_part_conv5_b0_conv1_oc0_256_ic0_256": 4.101,
      "run::dyspn_test.dyspn_hw_part_conv5_b0_conv1_oc256_512_ic0_256": 11.159,
      "load::bundle::packer_bundle_fd2_aggr8_03_conv5_b0_c2_down": 522.332,
      "run::dyspn_test.dyspn_hw_part_conv5_b0_conv2_oc0_256_ic0_256": 2.196,
      "run::dyspn_test.dyspn_hw_part_conv5_b0_conv2_oc0_256_ic256_512": 11.091,
      "run::dyspn_test.dyspn_hw_part_conv5_b0_conv2_oc256_512_ic0_256": 3.769,
      "run::dyspn_test.dyspn_hw_part_conv5_b0_conv2_oc256_512_ic256_512": 2.654,
      "run::dyspn_test.dyspn_hw_part_conv5_b0_downsample": 5.816,
      "load::bundle::packer_bundle_fd2_aggr8_04_conv5_b1_c1": 520.148,
      "run::dyspn_test.dyspn_hw_part_conv5_b1_conv1_oc0_256_ic0_256": 2.328,
      "run::dyspn_test.dyspn_hw_part_conv5_b1_conv1_oc0_256_ic256_512": 9.895,
      "run::dyspn_test.dyspn_hw_part_conv5_b1_conv1_oc256_512_ic0_256": 31.301,
      "run::dyspn_test.dyspn_hw_part_conv5_b1_conv1_oc256_512_ic256_512": 7.277,
      "load::bundle::packer_bundle_fd2_aggr8_05_conv5_b1_c2": 519.123,
      "run::dyspn_test.dyspn_hw_part_conv5_b1_conv2_oc0_256_ic0_256": 2.163,
      "run::dyspn_test.dyspn_hw_part_conv5_b1_conv2_oc0_256_ic256_512": 10.674,
      "run::dyspn_test.dyspn_hw_part_conv5_b1_conv2_oc256_512_ic0_256": 2.758,
      "run::dyspn_test.dyspn_hw_part_conv5_b1_conv2_oc256_512_ic256_512": 9.435,
      "load::bundle::packer_bundle_fd2_aggr7_tail_dec5_dec43": 527.2,
      "run::dyspn_test.dyspn_hw_part_dec5_conv_oc0_128_ic0_128": 3.486,
      "run::dyspn_test.dyspn_hw_part_dec5_conv_oc0_128_ic128_256": 13.229,
      "run::dyspn_test.dyspn_hw_part_dec5_conv_oc0_128_ic256_384": 5.957,
      "run::dyspn_test.dyspn_hw_part_dec5_conv_oc0_128_ic384_512": 4.548,
      "run::dyspn_test.dyspn_hw_part_dec5_conv_oc128_256_ic0_128": 4.283,
      "run::dyspn_test.dyspn_hw_part_dec5_conv_oc128_256_ic128_256": 8.464,
      "run::dyspn_test.dyspn_hw_part_dec5_conv_oc128_256_ic256_384": 5.893,
      "run::dyspn_test.dyspn_hw_part_dec5_conv_oc128_256_ic384_512": 6.716,
      "run::dyspn_test.dyspn_hw_part_dec4_conv": 27.677,
      "run::dyspn_test.dyspn_hw_part_dec3_conv": 85.95,
      "wall": 4128.433
    }
  },
  "source_npz": "/root/demo/artifacts/visualizations/dyspn_hw128_epoch78_tailmerge7_rgbfix/sample03/dyspn_orchestrated_board_pred_outputs.npz"
}