{
  "id": "dyspn:5",
  "index": 5,
  "model": "dyspn",
  "title": "DySPN sample 5",
  "base": "data/dyspn_sample5",
  "images": {
    "rgb": "rgb.png",
    "sparse_depth": "sparse_depth.png",
    "gt": "gt.png",
    "ref_pred": "ref_pred.png",
    "board_pred": "board_pred.png",
    "abs_error": "abs_error.png"
  },
  "point_cloud": "point_cloud.json",
  "metrics": {
    "output_contract": "board_pred is the final displayed/runtime output; ref_pred is comparison-only",
    "error_image_mode": "board_vs_ref",
    "abs_mean": 0.015861790627241135,
    "abs_p95": 0.059735453128814696,
    "abs_max": 0.5563045740127563,
    "rmse": 0.038511499762535095,
    "board_ref_abs_mean": 0.015861790627241135,
    "board_ref_abs_p95": 0.059735453128814696,
    "board_ref_abs_max": 0.5563045740127563,
    "board_ref_rmse": 0.038511499762535095,
    "ref_min": 1.1224044561386108,
    "ref_max": 4.278729438781738,
    "board_min": 1.1177762746810913,
    "board_max": 4.278729438781738,
    "board_gt_l1": 0.04898004233837128,
    "board_gt_abs_p95": 0.19186716079711913,
    "board_gt_abs_max": 1.1110715866088867,
    "board_gt_rmse": 0.09441596269607544,
    "board_init_min": 1.1177762746810913,
    "board_init_max": 4.278729438781738,
    "vs_gt_l1": 0.04898004233837128,
    "vs_gt_rmse": 0.09441596269607544,
    "preprocess": "dyspn_rgb_0_1_auto_denorm",
    "runtime_mitigation": "tailmerge7 exact packer partition + clear_wr_done",
    "latency_total_ms": 3898.084,
    "latency_slowest_op": "wall",
    "latency_slowest_ms": 4065.617,
    "latencies_ms": {
      "load::bundle::packer_bundle_fd2_aggr8_00_conv4_b0": 510.956,
      "run::dyspn_test.dyspn_hw_part_conv4_b0_conv1": 11.544,
      "run::dyspn_test.dyspn_hw_part_conv4_b0_conv2": 11.498,
      "run::dyspn_test.dyspn_hw_part_conv4_b0_downsample": 12.564,
      "load::bundle::packer_bundle_fd2_aggr8_01_conv4_b1": 509.751,
      "run::dyspn_test.dyspn_hw_part_conv4_b1_conv1": 6.423,
      "run::dyspn_test.dyspn_hw_part_conv4_b1_conv2": 13.774,
      "load::bundle::packer_bundle_fd2_aggr8_02_conv5_b0_c1": 510.365,
      "run::dyspn_test.dyspn_hw_part_conv5_b0_conv1_oc0_256_ic0_256": 4.077,
      "run::dyspn_test.dyspn_hw_part_conv5_b0_conv1_oc256_512_ic0_256": 12.019,
      "load::bundle::packer_bundle_fd2_aggr8_03_conv5_b0_c2_down": 522.281,
      "run::dyspn_test.dyspn_hw_part_conv5_b0_conv2_oc0_256_ic0_256": 2.213,
      "run::dyspn_test.dyspn_hw_part_conv5_b0_conv2_oc0_256_ic256_512": 14.66,
      "run::dyspn_test.dyspn_hw_part_conv5_b0_conv2_oc256_512_ic0_256": 2.841,
      "run::dyspn_test.dyspn_hw_part_conv5_b0_conv2_oc256_512_ic256_512": 6.094,
      "run::dyspn_test.dyspn_hw_part_conv5_b0_downsample": 4.68,
      "load::bundle::packer_bundle_fd2_aggr8_04_conv5_b1_c1": 519.925,
      "run::dyspn_test.dyspn_hw_part_conv5_b1_conv1_oc0_256_ic0_256": 6.54,
      "run::dyspn_test.dyspn_hw_part_conv5_b1_conv1_oc0_256_ic256_512": 5.281,
      "run::dyspn_test.dyspn_hw_part_conv5_b1_conv1_oc256_512_ic0_256": 3.676,
      "run::dyspn_test.dyspn_hw_part_conv5_b1_conv1_oc256_512_ic256_512": 4.278,
      "load::bundle::packer_bundle_fd2_aggr8_05_conv5_b1_c2": 519.217,
      "run::dyspn_test.dyspn_hw_part_conv5_b1_conv2_oc0_256_ic0_256": 2.196,
      "run::dyspn_test.dyspn_hw_part_conv5_b1_conv2_oc0_256_ic256_512": 9.005,
      "run::dyspn_test.dyspn_hw_part_conv5_b1_conv2_oc256_512_ic0_256": 5.919,
      "run::dyspn_test.dyspn_hw_part_conv5_b1_conv2_oc256_512_ic256_512": 4.101,
      "load::bundle::packer_bundle_fd2_aggr7_tail_dec5_dec43": 527.181,
      "run::dyspn_test.dyspn_hw_part_dec5_conv_oc0_128_ic0_128": 3.522,
      "run::dyspn_test.dyspn_hw_part_dec5_conv_oc0_128_ic128_256": 10.76,
      "run::dyspn_test.dyspn_hw_part_dec5_conv_oc0_128_ic256_384": 5.806,
      "run::dyspn_test.dyspn_hw_part_dec5_conv_oc0_128_ic384_512": 5.878,
      "run::dyspn_test.dyspn_hw_part_dec5_conv_oc128_256_ic0_128": 4.926,
      "run::dyspn_test.dyspn_hw_part_dec5_conv_oc128_256_ic128_256": 7.854,
      "run::dyspn_test.dyspn_hw_part_dec5_conv_oc128_256_ic256_384": 5.659,
      "run::dyspn_test.dyspn_hw_part_dec5_conv_oc128_256_ic384_512": 5.849,
      "run::dyspn_test.dyspn_hw_part_dec4_conv": 27.641,
      "run::dyspn_test.dyspn_hw_part_dec3_conv": 57.133,
      "wall": 4065.617
    }
  },
  "source_npz": "/root/demo/artifacts/visualizations/dyspn_hw128_epoch78_tailmerge7_rgbfix/sample05/dyspn_orchestrated_board_pred_outputs.npz"
}