{
  "id": "dyspn:13",
  "index": 13,
  "model": "dyspn",
  "title": "DySPN sample 13",
  "base": "data/dyspn_sample13",
  "images": {
    "rgb": "rgb.png",
    "sparse_depth": "sparse_depth.png",
    "gt": "gt.png",
    "ref_pred": "ref_pred.png",
    "board_pred": "board_pred.png",
    "abs_error": "abs_error.png"
  },
  "point_cloud": "point_cloud.json",
  "metrics": {
    "output_contract": "board_pred is the final displayed/runtime output; ref_pred is comparison-only",
    "error_image_mode": "board_vs_ref",
    "abs_mean": 0.005008636508136988,
    "abs_p95": 0.01983617544174191,
    "abs_max": 0.10741817951202393,
    "rmse": 0.009504396468400955,
    "board_ref_abs_mean": 0.005008636508136988,
    "board_ref_abs_p95": 0.01983617544174191,
    "board_ref_abs_max": 0.10741817951202393,
    "board_ref_rmse": 0.009504396468400955,
    "ref_min": 1.1919957399368286,
    "ref_max": 3.025238275527954,
    "board_min": 1.1932814121246338,
    "board_max": 3.025238275527954,
    "board_gt_l1": 0.017254572361707687,
    "board_gt_abs_p95": 0.058842849731445136,
    "board_gt_abs_max": 0.47989916801452637,
    "board_gt_rmse": 0.03349004685878754,
    "board_init_min": 1.1932814121246338,
    "board_init_max": 3.025238275527954,
    "vs_gt_l1": 0.017254572361707687,
    "vs_gt_rmse": 0.03349004685878754,
    "preprocess": "dyspn_rgb_0_1_auto_denorm",
    "runtime_mitigation": "tailmerge7 exact packer partition + clear_wr_done",
    "latency_total_ms": 3904.098,
    "latency_slowest_op": "wall",
    "latency_slowest_ms": 4075.42,
    "latencies_ms": {
      "load::bundle::packer_bundle_fd2_aggr8_00_conv4_b0": 511.366,
      "run::dyspn_test.dyspn_hw_part_conv4_b0_conv1": 11.381,
      "run::dyspn_test.dyspn_hw_part_conv4_b0_conv2": 15.036,
      "run::dyspn_test.dyspn_hw_part_conv4_b0_downsample": 11.872,
      "load::bundle::packer_bundle_fd2_aggr8_01_conv4_b1": 510.08,
      "run::dyspn_test.dyspn_hw_part_conv4_b1_conv1": 6.451,
      "run::dyspn_test.dyspn_hw_part_conv4_b1_conv2": 15.134,
      "load::bundle::packer_bundle_fd2_aggr8_02_conv5_b0_c1": 510.654,
      "run::dyspn_test.dyspn_hw_part_conv5_b0_conv1_oc0_256_ic0_256": 4.09,
      "run::dyspn_test.dyspn_hw_part_conv5_b0_conv1_oc256_512_ic0_256": 12.898,
      "load::bundle::packer_bundle_fd2_aggr8_03_conv5_b0_c2_down": 522.866,
      "run::dyspn_test.dyspn_hw_part_conv5_b0_conv2_oc0_256_ic0_256": 2.225,
      "run::dyspn_test.dyspn_hw_part_conv5_b0_conv2_oc0_256_ic256_512": 9.962,
      "run::dyspn_test.dyspn_hw_part_conv5_b0_conv2_oc256_512_ic0_256": 5.231,
      "run::dyspn_test.dyspn_hw_part_conv5_b0_conv2_oc256_512_ic256_512": 5.516,
      "run::dyspn_test.dyspn_hw_part_conv5_b0_downsample": 5.222,
      "load::bundle::packer_bundle_fd2_aggr8_04_conv5_b1_c1": 520.517,
      "run::dyspn_test.dyspn_hw_part_conv5_b1_conv1_oc0_256_ic0_256": 2.198,
      "run::dyspn_test.dyspn_hw_part_conv5_b1_conv1_oc0_256_ic256_512": 7.584,
      "run::dyspn_test.dyspn_hw_part_conv5_b1_conv1_oc256_512_ic0_256": 3.53,
      "run::dyspn_test.dyspn_hw_part_conv5_b1_conv1_oc256_512_ic256_512": 2.889,
      "load::bundle::packer_bundle_fd2_aggr8_05_conv5_b1_c2": 519.358,
      "run::dyspn_test.dyspn_hw_part_conv5_b1_conv2_oc0_256_ic0_256": 2.228,
      "run::dyspn_test.dyspn_hw_part_conv5_b1_conv2_oc0_256_ic256_512": 9.743,
      "run::dyspn_test.dyspn_hw_part_conv5_b1_conv2_oc256_512_ic0_256": 3.135,
      "run::dyspn_test.dyspn_hw_part_conv5_b1_conv2_oc256_512_ic256_512": 5.017,
      "load::bundle::packer_bundle_fd2_aggr7_tail_dec5_dec43": 527.611,
      "run::dyspn_test.dyspn_hw_part_dec5_conv_oc0_128_ic0_128": 3.529,
      "run::dyspn_test.dyspn_hw_part_dec5_conv_oc0_128_ic128_256": 10.98,
      "run::dyspn_test.dyspn_hw_part_dec5_conv_oc0_128_ic256_384": 8.384,
      "run::dyspn_test.dyspn_hw_part_dec5_conv_oc0_128_ic384_512": 5.928,
      "run::dyspn_test.dyspn_hw_part_dec5_conv_oc128_256_ic0_128": 4.4,
      "run::dyspn_test.dyspn_hw_part_dec5_conv_oc128_256_ic128_256": 5.843,
      "run::dyspn_test.dyspn_hw_part_dec5_conv_oc128_256_ic256_384": 5.545,
      "run::dyspn_test.dyspn_hw_part_dec5_conv_oc128_256_ic384_512": 6.137,
      "run::dyspn_test.dyspn_hw_part_dec4_conv": 27.613,
      "run::dyspn_test.dyspn_hw_part_dec3_conv": 61.947,
      "wall": 4075.42
    }
  },
  "source_npz": "/root/demo/artifacts/visualizations/dyspn_hw128_epoch78_tailmerge7_rgbfix/sample13/dyspn_orchestrated_board_pred_outputs.npz"
}