{
  "id": "dyspn:14",
  "index": 14,
  "model": "dyspn",
  "title": "DySPN sample 14",
  "base": "data/dyspn_sample14",
  "images": {
    "rgb": "rgb.png",
    "sparse_depth": "sparse_depth.png",
    "gt": "gt.png",
    "ref_pred": "ref_pred.png",
    "board_pred": "board_pred.png",
    "abs_error": "abs_error.png"
  },
  "point_cloud": "point_cloud.json",
  "metrics": {
    "output_contract": "board_pred is the final displayed/runtime output; ref_pred is comparison-only",
    "error_image_mode": "board_vs_ref",
    "abs_mean": 0.02019292488694191,
    "abs_p95": 0.08571594953536987,
    "abs_max": 0.8982110023498535,
    "rmse": 0.05055376887321472,
    "board_ref_abs_mean": 0.02019292488694191,
    "board_ref_abs_p95": 0.08571594953536987,
    "board_ref_abs_max": 0.8982110023498535,
    "board_ref_rmse": 0.05055376887321472,
    "ref_min": 1.651611089706421,
    "ref_max": 5.739349365234375,
    "board_min": 1.6516127586364746,
    "board_max": 5.739349365234375,
    "board_gt_l1": 0.05732118710875511,
    "board_gt_abs_p95": 0.22775504589080714,
    "board_gt_abs_max": 1.4960744380950928,
    "board_gt_rmse": 0.11706644296646118,
    "board_init_min": 1.6516127586364746,
    "board_init_max": 5.739349365234375,
    "vs_gt_l1": 0.05732118710875511,
    "vs_gt_rmse": 0.11706644296646118,
    "preprocess": "dyspn_rgb_0_1_auto_denorm",
    "runtime_mitigation": "tailmerge7 exact packer partition + clear_wr_done",
    "latency_total_ms": 3930.901,
    "latency_slowest_op": "wall",
    "latency_slowest_ms": 4098.203,
    "latencies_ms": {
      "load::bundle::packer_bundle_fd2_aggr8_00_conv4_b0": 510.993,
      "run::dyspn_test.dyspn_hw_part_conv4_b0_conv1": 11.573,
      "run::dyspn_test.dyspn_hw_part_conv4_b0_conv2": 12.408,
      "run::dyspn_test.dyspn_hw_part_conv4_b0_downsample": 12.508,
      "load::bundle::packer_bundle_fd2_aggr8_01_conv4_b1": 509.688,
      "run::dyspn_test.dyspn_hw_part_conv4_b1_conv1": 6.447,
      "run::dyspn_test.dyspn_hw_part_conv4_b1_conv2": 13.294,
      "load::bundle::packer_bundle_fd2_aggr8_02_conv5_b0_c1": 510.392,
      "run::dyspn_test.dyspn_hw_part_conv5_b0_conv1_oc0_256_ic0_256": 4.123,
      "run::dyspn_test.dyspn_hw_part_conv5_b0_conv1_oc256_512_ic0_256": 12.149,
      "load::bundle::packer_bundle_fd2_aggr8_03_conv5_b0_c2_down": 522.385,
      "run::dyspn_test.dyspn_hw_part_conv5_b0_conv2_oc0_256_ic0_256": 33.526,
      "run::dyspn_test.dyspn_hw_part_conv5_b0_conv2_oc0_256_ic256_512": 7.624,
      "run::dyspn_test.dyspn_hw_part_conv5_b0_conv2_oc256_512_ic0_256": 4.853,
      "run::dyspn_test.dyspn_hw_part_conv5_b0_conv2_oc256_512_ic256_512": 5.96,
      "run::dyspn_test.dyspn_hw_part_conv5_b0_downsample": 4.704,
      "load::bundle::packer_bundle_fd2_aggr8_04_conv5_b1_c1": 519.966,
      "run::dyspn_test.dyspn_hw_part_conv5_b1_conv1_oc0_256_ic0_256": 2.226,
      "run::dyspn_test.dyspn_hw_part_conv5_b1_conv1_oc0_256_ic256_512": 11.39,
      "run::dyspn_test.dyspn_hw_part_conv5_b1_conv1_oc256_512_ic0_256": 4.766,
      "run::dyspn_test.dyspn_hw_part_conv5_b1_conv1_oc256_512_ic256_512": 5.341,
      "load::bundle::packer_bundle_fd2_aggr8_05_conv5_b1_c2": 519.178,
      "run::dyspn_test.dyspn_hw_part_conv5_b1_conv2_oc0_256_ic0_256": 2.194,
      "run::dyspn_test.dyspn_hw_part_conv5_b1_conv2_oc0_256_ic256_512": 12.264,
      "run::dyspn_test.dyspn_hw_part_conv5_b1_conv2_oc256_512_ic0_256": 2.568,
      "run::dyspn_test.dyspn_hw_part_conv5_b1_conv2_oc256_512_ic256_512": 6.185,
      "load::bundle::packer_bundle_fd2_aggr7_tail_dec5_dec43": 527.278,
      "run::dyspn_test.dyspn_hw_part_dec5_conv_oc0_128_ic0_128": 3.473,
      "run::dyspn_test.dyspn_hw_part_dec5_conv_oc0_128_ic128_256": 13.332,
      "run::dyspn_test.dyspn_hw_part_dec5_conv_oc0_128_ic256_384": 6.365,
      "run::dyspn_test.dyspn_hw_part_dec5_conv_oc0_128_ic384_512": 5.783,
      "run::dyspn_test.dyspn_hw_part_dec5_conv_oc128_256_ic0_128": 4.313,
      "run::dyspn_test.dyspn_hw_part_dec5_conv_oc128_256_ic128_256": 6.324,
      "run::dyspn_test.dyspn_hw_part_dec5_conv_oc128_256_ic256_384": 6.171,
      "run::dyspn_test.dyspn_hw_part_dec5_conv_oc128_256_ic384_512": 5.892,
      "run::dyspn_test.dyspn_hw_part_dec4_conv": 27.544,
      "run::dyspn_test.dyspn_hw_part_dec3_conv": 55.72,
      "wall": 4098.203
    }
  },
  "source_npz": "/root/demo/artifacts/visualizations/dyspn_hw128_epoch78_tailmerge7_rgbfix/sample14/dyspn_orchestrated_board_pred_outputs.npz"
}