{
  "name": "CompletionFormer RHBLite board demo",
  "generated_from": "outputs/sample*/nyu_val*_ref_vs_board_convonlycf_hostsigmoid.npz",
  "point_cloud_sampling": "stride=1 full 128x128 board_pred points",
  "samples": [
    {
      "index": 0,
      "title": "sample 0",
      "base": "data/sample0",
      "metrics": {
        "abs_mean": 0.021069828420877457,
        "abs_p95": 0.0765334486961363,
        "abs_max": 0.45094966888427734,
        "rmse": 0.03813321143388748,
        "ref_min": 1.1777578592300415,
        "ref_max": 5.735071182250977,
        "board_min": 1.178809642791748,
        "board_max": 5.6687397956848145,
        "board_init_min": 0.75,
        "board_init_max": 7.857408046722412,
        "latency_total_ms": 4297.469,
        "latency_slowest_op": "dec2_exact_block_conv1_rhb",
        "latency_slowest_ms": 2876.972,
        "latencies_ms": {
          "dec6_rhb": 3.368,
          "dec5_rhb": 3.604,
          "dec4_rhb": 10.293,
          "dec3_rhb": 18.348,
          "dec2_resize_upconv_split_sum_host_relu": 133.87,
          "dec2_exact_block_conv0_rhb": 76.848,
          "dec2_exact_block_conv1_rhb": 2876.972,
          "host_dec2_exact_residual_relu": 13.943,
          "dep_dec1_full_rhb": 270.332,
          "dep_dec0_rhb": 236.432,
          "gd_dec1_full_rhb": 267.081,
          "gd_dec0_rhb": 143.87,
          "cf_dec1_rhb": 136.234,
          "cf_dec0_rhb": 104.287,
          "cf_dec0_host_sigmoid": 1.988,
          "decoder_system_128x128_ckpt_tracked_total": 4297.469
        }
      }
    },
    {
      "index": 2,
      "title": "sample 2",
      "base": "data/sample2",
      "metrics": {
        "abs_mean": 0.013284455053508282,
        "abs_p95": 0.043399703502655006,
        "abs_max": 0.19224393367767334,
        "rmse": 0.02182946354150772,
        "ref_min": 0.7242863178253174,
        "ref_max": 3.5841245651245117,
        "board_min": 0.7148582935333252,
        "board_max": 3.5910465717315674,
        "board_init_min": 0.5625,
        "board_init_max": 4.761639595031738,
        "latency_total_ms": 1515.788,
        "latency_slowest_op": "gd_dec1_full_rhb",
        "latency_slowest_ms": 300.445,
        "latencies_ms": {
          "dec6_rhb": 3.326,
          "dec5_rhb": 3.606,
          "dec4_rhb": 10.164,
          "dec3_rhb": 18.189,
          "dec2_resize_upconv_split_sum_host_relu": 134.05,
          "dec2_exact_block_conv0_rhb": 76.855,
          "dec2_exact_block_conv1_rhb": 77.18,
          "host_dec2_exact_residual_relu": 13.79,
          "dep_dec1_full_rhb": 270.033,
          "dep_dec0_rhb": 236.257,
          "gd_dec1_full_rhb": 300.445,
          "gd_dec0_rhb": 129.827,
          "cf_dec1_rhb": 136.048,
          "cf_dec0_rhb": 104.065,
          "cf_dec0_host_sigmoid": 1.95,
          "decoder_system_128x128_ckpt_tracked_total": 1515.788
        }
      }
    },
    {
      "index": 4,
      "title": "sample 4",
      "base": "data/sample4",
      "metrics": {
        "abs_mean": 0.02102947235107422,
        "abs_p95": 0.06424655914306635,
        "abs_max": 0.7297384738922119,
        "rmse": 0.05337384343147278,
        "ref_min": 1.169291615486145,
        "ref_max": 6.202840328216553,
        "board_min": 1.154754400253296,
        "board_max": 6.14363431930542,
        "board_init_min": 0.5,
        "board_init_max": 7.0625,
        "latency_total_ms": 1481.293,
        "latency_slowest_op": "dep_dec1_full_rhb",
        "latency_slowest_ms": 270.094,
        "latencies_ms": {
          "dec6_rhb": 3.377,
          "dec5_rhb": 3.625,
          "dec4_rhb": 10.08,
          "dec3_rhb": 18.258,
          "dec2_resize_upconv_split_sum_host_relu": 133.847,
          "dec2_exact_block_conv0_rhb": 76.533,
          "dec2_exact_block_conv1_rhb": 77.055,
          "host_dec2_exact_residual_relu": 13.801,
          "dep_dec1_full_rhb": 270.094,
          "dep_dec0_rhb": 236.483,
          "gd_dec1_full_rhb": 266.697,
          "gd_dec0_rhb": 129.792,
          "cf_dec1_rhb": 135.646,
          "cf_dec0_rhb": 104.026,
          "cf_dec0_host_sigmoid": 1.979,
          "decoder_system_128x128_ckpt_tracked_total": 1481.293
        }
      }
    },
    {
      "index": 6,
      "title": "sample 6",
      "base": "data/sample6",
      "metrics": {
        "abs_mean": 0.02410139888525009,
        "abs_p95": 0.08866041898727413,
        "abs_max": 1.2300596237182617,
        "rmse": 0.07110119611024857,
        "ref_min": 0.734163224697113,
        "ref_max": 8.486556053161621,
        "board_min": 0.7170337438583374,
        "board_max": 7.987701892852783,
        "board_init_min": 0.125,
        "board_init_max": 9.17635440826416,
        "latency_total_ms": 1515.645,
        "latency_slowest_op": "dep_dec1_full_rhb",
        "latency_slowest_ms": 304.074,
        "latencies_ms": {
          "dec6_rhb": 3.339,
          "dec5_rhb": 3.64,
          "dec4_rhb": 10.032,
          "dec3_rhb": 18.214,
          "dec2_resize_upconv_split_sum_host_relu": 133.952,
          "dec2_exact_block_conv0_rhb": 76.461,
          "dec2_exact_block_conv1_rhb": 76.792,
          "host_dec2_exact_residual_relu": 13.85,
          "dep_dec1_full_rhb": 304.074,
          "dep_dec0_rhb": 236.273,
          "gd_dec1_full_rhb": 266.681,
          "gd_dec0_rhb": 129.952,
          "cf_dec1_rhb": 136.113,
          "cf_dec0_rhb": 104.318,
          "cf_dec0_host_sigmoid": 1.956,
          "decoder_system_128x128_ckpt_tracked_total": 1515.645
        }
      }
    },
    {
      "index": 7,
      "title": "sample 7",
      "base": "data/sample7",
      "metrics": {
        "abs_mean": 0.028712326660752296,
        "abs_p95": 0.1736447572708129,
        "abs_max": 0.7594709396362305,
        "rmse": 0.07223834097385406,
        "ref_min": 1.0102131366729736,
        "ref_max": 6.966821193695068,
        "board_min": 0.984642505645752,
        "board_max": 6.833531379699707,
        "board_init_min": 0.6875,
        "board_init_max": 8.476846694946289,
        "latency_total_ms": 1483.779,
        "latency_slowest_op": "dep_dec1_full_rhb",
        "latency_slowest_ms": 270.43,
        "latencies_ms": {
          "dec6_rhb": 3.354,
          "dec5_rhb": 3.586,
          "dec4_rhb": 10.376,
          "dec3_rhb": 18.023,
          "dec2_resize_upconv_split_sum_host_relu": 134.242,
          "dec2_exact_block_conv0_rhb": 76.67,
          "dec2_exact_block_conv1_rhb": 77.594,
          "host_dec2_exact_residual_relu": 13.815,
          "dep_dec1_full_rhb": 270.43,
          "dep_dec0_rhb": 236.178,
          "gd_dec1_full_rhb": 267.074,
          "gd_dec0_rhb": 129.786,
          "cf_dec1_rhb": 136.746,
          "cf_dec0_rhb": 103.928,
          "cf_dec0_host_sigmoid": 1.976,
          "decoder_system_128x128_ckpt_tracked_total": 1483.779
        }
      }
    },
    {
      "index": 8,
      "title": "sample 8",
      "base": "data/sample8",
      "metrics": {
        "abs_mean": 0.04216989129781723,
        "abs_p95": 0.200017476081848,
        "abs_max": 1.3235960006713867,
        "rmse": 0.10760945826768875,
        "ref_min": 1.4665526151657104,
        "ref_max": 8.456624984741211,
        "board_min": 1.4625630378723145,
        "board_max": 8.041790008544922,
        "board_init_min": 1.0625,
        "board_init_max": 10.018648147583008,
        "latency_total_ms": 3183.817,
        "latency_slowest_op": "gd_dec0_rhb",
        "latency_slowest_ms": 1817.946,
        "latencies_ms": {
          "dec6_rhb": 3.364,
          "dec5_rhb": 3.602,
          "dec4_rhb": 10.082,
          "dec3_rhb": 18.137,
          "dec2_resize_upconv_split_sum_host_relu": 134.427,
          "dec2_exact_block_conv0_rhb": 76.811,
          "dec2_exact_block_conv1_rhb": 76.994,
          "host_dec2_exact_residual_relu": 13.825,
          "dep_dec1_full_rhb": 269.664,
          "dep_dec0_rhb": 248.613,
          "gd_dec1_full_rhb": 267.287,
          "gd_dec0_rhb": 1817.946,
          "cf_dec1_rhb": 137.214,
          "cf_dec0_rhb": 103.871,